student_id,username,cid,timestamp
585b2a84199e44edb2bb767e52d49c84,bala,QmZgNPWcgWhZDMNHkuTF5wsKTEoRyuVbHmvtbJTRDsokAo,2026-02-06T10:07:01.512Z
585b2a84199e44edb2bb767e52d49c84,bala,QmbeWWJzgv1fAXYneJo4GFCDML6sNvh8Wsc9867QiybPQS,2026-02-06T14:38:30.587Z
585b2a84199e44edb2bb767e52d49c84,bala,QmWDVwvCwYJfNvst7jVFztNHN5fpzuKRyVqcXfgyc3CWVf,2026-02-06T14:38:49.494Z
585b2a84199e44edb2bb767e52d49c84,bala,Qmd9BPURRhXj8qjwFAq6UKkBUyRVBVAqvXJ6o4qm5HJr2f,2026-02-06T14:39:20.817Z
585b2a84199e44edb2bb767e52d49c84,bala,QmVzgrti3fjPLMqs6wnYHC2TiicEYG8ZNcoCVfBF4XYc85,2026-02-06T14:45:36.327Z
585b2a84199e44edb2bb767e52d49c84,bala,QmYpFGt5LY9a7tX5R6ZGCR8E8anZpCFWxSg1PPaEX4jfRn,2026-02-07T09:56:55.998Z
585b2a84199e44edb2bb767e52d49c84,bala,QmVPZZ9hxXwV65aMPKNofonvrm34wVzNsaeAA2zB7Vepzm,2026-02-08T12:00:39.888Z
585b2a84199e44edb2bb767e52d49c84,bala,QmdHwfTodrCz7wKaf2UGRHXniF69nVYdz9HrGSxzNyc6Xa,2026-02-08T12:01:04.075Z
585b2a84199e44edb2bb767e52d49c84,bala,Qmat4YuW1io9KJK2Zo5gTPvHD8p8PtZsdcPaaLAemmB7cN,2026-02-09T02:06:15.703Z
585b2a84199e44edb2bb767e52d49c84,bala,QmQQKG6CFwj2LCsuum1p8LGhhE5SxjqGsZomismH4ox9Tt,2026-02-09T03:48:13.298Z
585b2a84199e44edb2bb767e52d49c84,bala,Qmat6nKEuvfhxhZdbKgBtjxAiNquvwuY21fPJLYF3gKpQ4,2026-02-09T05:50:37.190Z
585b2a84199e44edb2bb767e52d49c84,bala,QmatYnfjp84WdKtauHzjSQMPzm6CVZjo44pEueooN1qEG2,2026-02-09T06:15:06.964Z
585b2a84199e44edb2bb767e52d49c84,bala,QmbgS7JPjoUYiKmN818rQ1h3SSYA8jg2Dbmg35TTudbneK,2026-02-09T09:11:22.860Z
