id,username,email,institution_access_code,institution_college_code,created_at
08b3dc552e2a4c3eb95943699ae93a35,pptdemo_user,pptdemo_user@example.com,CC-NOP123,CC-CJFN5T,2026-04-07 00:58:42
b5902819a4694a9b951f17fdf4991bfe,pptdemo20260407060631,pptdemo20260407060631@example.com,CC-NOP123,CC-CJFN5T,2026-04-07 00:36:31
487ba36c34b24da7ae397d85ba0b0f1a,nop_student_10,nop.student10@mail.org,CC-NOP123,CC-CJFN5T,2026-04-06 12:50:06
a9bd85dfcf81456895209d64d96e0bab,nop_student_01,nop.student01@mail.org,CC-NOP123,CC-CJFN5T,2026-04-06 12:50:05
c2a25e901f834656a1e9bf022e5ab7bc,nop_student_02,nop.student02@mail.org,CC-NOP123,CC-CJFN5T,2026-04-06 12:50:05
42781b34677f461090c4a528acf40d72,nop_student_03,nop.student03@mail.org,CC-NOP123,CC-CJFN5T,2026-04-06 12:50:05
a9ff950f6aa44a54a601aeb1d8863caa,nop_student_04,nop.student04@mail.org,CC-NOP123,CC-CJFN5T,2026-04-06 12:50:05
e60b46d496a34b45b5043b3cdf122645,nop_student_05,nop.student05@mail.org,CC-NOP123,CC-CJFN5T,2026-04-06 12:50:05
17bca77cab3b4a3fb7578557d12d9e18,nop_student_06,nop.student06@mail.org,CC-NOP123,CC-CJFN5T,2026-04-06 12:50:05
e05dc675b34542959279b51813d5a9fb,nop_student_07,nop.student07@mail.org,CC-NOP123,CC-CJFN5T,2026-04-06 12:50:05
4f5c8ab1f7374df19c49a20513f103ae,nop_student_08,nop.student08@mail.org,CC-NOP123,CC-CJFN5T,2026-04-06 12:50:05
74f683788e904b8689311121a66ec81a,nop_student_09,nop.student09@mail.org,CC-NOP123,CC-CJFN5T,2026-04-06 12:50:05
b0d0fa054cd445d188f5f2f807be5564,klm_student_02,klm.student02@mail.org,CC-KLM123,CC-S9BMMW,2026-04-06 12:50:04
b6965fbdffad4410839f70c8f6b4d2ed,klm_student_03,klm.student03@mail.org,CC-KLM123,CC-S9BMMW,2026-04-06 12:50:04
6415cc15aeb1446b9e1cd6084e62d0ec,klm_student_04,klm.student04@mail.org,CC-KLM123,CC-S9BMMW,2026-04-06 12:50:04
06363ba96d8f481bacdfa65ab5f7374b,klm_student_05,klm.student05@mail.org,CC-KLM123,CC-S9BMMW,2026-04-06 12:50:04
e420712c9c514df2938d87ec3697daef,klm_student_06,klm.student06@mail.org,CC-KLM123,CC-S9BMMW,2026-04-06 12:50:04
437ac215ffba421293e8664f4ba0d6cc,klm_student_07,klm.student07@mail.org,CC-KLM123,CC-S9BMMW,2026-04-06 12:50:04
af6864894de743ba8bed9566c79b39b1,klm_student_08,klm.student08@mail.org,CC-KLM123,CC-S9BMMW,2026-04-06 12:50:04
2b9d3d76a2a545ceb59aafcaae282a0a,klm_student_09,klm.student09@mail.org,CC-KLM123,CC-S9BMMW,2026-04-06 12:50:04
d74ed4205f8540f3a2277f2b255a435c,klm_student_10,klm.student10@mail.org,CC-KLM123,CC-S9BMMW,2026-04-06 12:50:04
3cf677187a174d1aa60ea607cfa7bb83,hij_student_04,hij.student04@mail.org,CC-HIJ123,CC-B7TRC6,2026-04-06 12:50:03
20df2c7989a4425daecdc5c130ef6a88,hij_student_05,hij.student05@mail.org,CC-HIJ123,CC-B7TRC6,2026-04-06 12:50:03
28a25931233546f1b7bebc3fcdee21da,hij_student_06,hij.student06@mail.org,CC-HIJ123,CC-B7TRC6,2026-04-06 12:50:03
50f18746c8874c9089478ac1ccada7cc,hij_student_07,hij.student07@mail.org,CC-HIJ123,CC-B7TRC6,2026-04-06 12:50:03
074cfe01e40742e5b21d1709c505780f,hij_student_08,hij.student08@mail.org,CC-HIJ123,CC-B7TRC6,2026-04-06 12:50:03
3ca57a1be10043a0aee8770357eece39,hij_student_09,hij.student09@mail.org,CC-HIJ123,CC-B7TRC6,2026-04-06 12:50:03
0a9117e9671e4db5abdcbec5f638ab2a,hij_student_10,hij.student10@mail.org,CC-HIJ123,CC-B7TRC6,2026-04-06 12:50:03
8d66095064ae42bbba5c8205676991a1,klm_student_01,klm.student01@mail.org,CC-KLM123,CC-S9BMMW,2026-04-06 12:50:03
5a24404a73cd44bc9d46e32c45cf2641,def_student_06,def.student06@mail.org,CC-DEF123,CC-865DY8,2026-04-06 12:50:02
0e9f0f3db7b1472fb97e498f1b8a1b2b,def_student_07,def.student07@mail.org,CC-DEF123,CC-865DY8,2026-04-06 12:50:02
3dc9f70992f04c31974a7342c44c8dfc,def_student_08,def.student08@mail.org,CC-DEF123,CC-865DY8,2026-04-06 12:50:02
86a10da907a344f08f494a7434947fa4,def_student_09,def.student09@mail.org,CC-DEF123,CC-865DY8,2026-04-06 12:50:02
c644473f2bc7471aacf1ce3dc7554203,def_student_10,def.student10@mail.org,CC-DEF123,CC-865DY8,2026-04-06 12:50:02
19762c2591e84a65abc35a7954049daa,hij_student_01,hij.student01@mail.org,CC-HIJ123,CC-B7TRC6,2026-04-06 12:50:02
bd96a0b081a34beda324be18bd6e01f5,hij_student_02,hij.student02@mail.org,CC-HIJ123,CC-B7TRC6,2026-04-06 12:50:02
f9bc760011b54a35b6c770f96327d46f,hij_student_03,hij.student03@mail.org,CC-HIJ123,CC-B7TRC6,2026-04-06 12:50:02
d1bca03803bf4a8086eed92ff4491709,ggg_student_08,ggg.student08@mail.org,CC-ABCD123,CC-KH7X2Z,2026-04-06 12:50:01
8c0088b667ca4b75863b5ddb75c4dabb,ggg_student_09,ggg.student09@mail.org,CC-ABCD123,CC-KH7X2Z,2026-04-06 12:50:01
15a2f70cbb7049879b3796c34813a175,ggg_student_10,ggg.student10@mail.org,CC-ABCD123,CC-KH7X2Z,2026-04-06 12:50:01
6d489e4a0ae940b9a4963810796e3bbc,def_student_01,def.student01@mail.org,CC-DEF123,CC-865DY8,2026-04-06 12:50:01
2c7ce78ef7d243559c76fc5e0a976015,def_student_02,def.student02@mail.org,CC-DEF123,CC-865DY8,2026-04-06 12:50:01
c75edb832ca149f59c90591615580316,def_student_03,def.student03@mail.org,CC-DEF123,CC-865DY8,2026-04-06 12:50:01
db4e608c8d2e45d2afe279c0253941b4,def_student_04,def.student04@mail.org,CC-DEF123,CC-865DY8,2026-04-06 12:50:01
d4ac991bdda1484aad84da112348d308,def_student_05,def.student05@mail.org,CC-DEF123,CC-865DY8,2026-04-06 12:50:01
e97f7a1e39864a4b8786584dc147d447,ggg_student_01,ggg.student01@mail.org,CC-ABCD123,CC-KH7X2Z,2026-04-06 12:50:00
ad2acaefc054498785bd05edece80b44,ggg_student_02,ggg.student02@mail.org,CC-ABCD123,CC-KH7X2Z,2026-04-06 12:50:00
f0af03b04f6243b79acadbc1f8e5edf6,ggg_student_03,ggg.student03@mail.org,CC-ABCD123,CC-KH7X2Z,2026-04-06 12:50:00
bad82cab1f174bf6bb0476fc273b95ec,ggg_student_04,ggg.student04@mail.org,CC-ABCD123,CC-KH7X2Z,2026-04-06 12:50:00
c7e9a4e3a956482ab9fe60a8cefc5ffb,ggg_student_05,ggg.student05@mail.org,CC-ABCD123,CC-KH7X2Z,2026-04-06 12:50:00
13e3f89c7a41491c807e67b90b978e9b,ggg_student_06,ggg.student06@mail.org,CC-ABCD123,CC-KH7X2Z,2026-04-06 12:50:00
50970d5e83794c30a4d3130150918a5f,ggg_student_07,ggg.student07@mail.org,CC-ABCD123,CC-KH7X2Z,2026-04-06 12:50:00
65d29b5ef56c461081e7687021cf37d1,bala_yasaswi,balayasaswi352@gmail.com,CC-ABC123,CC-X2F9EA,2026-03-30 09:04:37